ru	en	zh	where
О компании — Волга-Днепр	About Us — Volga-Dnepr	关于我们 — 伏尔加-第聂伯	
«Волга-Днепр» — авиакомпания, создавшая рынок сверхтяжёлых авиаперевозок. История, цифры, документы для тендера.	Volga-Dnepr is the airline that created the super-heavy air cargo market. History, figures, tender documents.	伏尔加-第聂伯——开创超重件航空货运市场的航空公司。历程、数据、招标文件。	
Прототип · демо-данные · перед публикацией заменить на подтверждённые цифры	Prototype · demo data · replace with verified figures before launch	网站原型 · 演示数据 · 发布前须替换为核实数据	
Волга-Днепр	Volga-Dnepr	伏尔加-第聂伯	
ВОЛГА-ДНЕПР	VOLGA-DNEPR	伏尔加-第聂伯	
Чартер	Charter	包机	
Регулярные	Scheduled	定期航班	
Флот	Fleet	机队	
Кейсы	Case studies	案例	
Новости	News	新闻	
Агентам	For agents	代理专区	
О компании	About us	关于我们	
Расписание	Schedule	时刻表	
Рассчитать	Get a quote	获取报价	
Меню	Menu	菜单	
Закрыть	Close	关闭	
Регулярные рейсы	Scheduled flights	定期航班	
Рассчитать перевозку	Get a quote	获取报价	
Главная	Home	首页	
· О компании	· About us	· 关于我们	
Мы возим невозможное с 1990 года	Carrying the impossible since 1990	自1990年起，运送“不可能”	
«Волга-Днепр» — российская грузовая авиакомпания, построившая мировой рынок перевозок сверхтяжёлых и негабаритных грузов на Ан-124.	Volga-Dnepr is the Russian cargo airline that built the global market for outsize and super-heavy air freight on the An-124.	伏尔加-第聂伯是一家俄罗斯货运航空公司，凭借安-124开创了全球超大超重件航空货运市场。	
Кто мы	Who we are	我们是谁	
Компания, создавшая рынок	The company that created the market	开创市场的公司	
Больше тридцати пяти лет мы доставляем то, что нельзя разобрать, упаковать в контейнер или отправить морем, когда сроки горят. Собственный парк Ан-124 и Ил-76, собственное погрузочное оборудование и инженерный центр грузового планирования — этого сочетания нет ни у одного перевозчика в мире.	For over thirty-five years we have delivered what cannot be dismantled, containerised or shipped by sea when deadlines are burning. Our own An-124 and Il-76 fleet, our own loading equipment and an engineering cargo planning centre — no other carrier in the world has this combination.	三十五年多来，我们运送无法拆解、无法装箱、海运来不及的货物。自有安-124和伊尔-76机队、自有装载设备和货物规划工程中心——全球没有第二家承运人具备这样的组合。	
лет в проектной логистике	years in project logistics	年项目物流经验	
С первого коммерческого рейса Ан-124 до сегодняшней регулярной программы.	From the first commercial An-124 flight to today's scheduled programme.	从安-124首个商业航班到今天的定期航班计划。	
стран доставки · демо	countries served · demo	个交付国家 · 演示	
География — от арктических аэродромов до экваториальных грунтовых полос.	Geography from Arctic airfields to equatorial dirt strips.	从北极机场到赤道土质跑道。	
приём заявок	requests accepted	全天候接单	
Дежурный по чартеру отвечает круглосуточно, включая праздники.	The charter duty manager replies around the clock, holidays included.	包机值班经理全天候回复，节假日无休。	
История · вехи — демо, уточнить по архиву	History · milestones are demo, verify against the archive	发展历程 · 里程碑为演示，需按档案核实	
От первого «Руслана»	From the first Ruslan	从第一架“鲁斯兰”	
до регулярной программы	to the scheduled programme	到定期航班计划	
Основание компании в Ульяновске. Первые коммерческие рейсы Ан-124 «Руслан» открывают рынок сверхтяжёлых авиаперевозок.	The company is founded in Ulyanovsk. The first commercial An-124 Ruslan flights open the super-heavy air cargo market.	公司在乌里扬诺夫斯克成立。安-124“鲁斯兰”首批商业航班开启超重件航空运输市场。	
1990-е	1990s	1990年代	
Выход на мировой рынок: проектные грузы для энергетики, авиакосмоса и нефтегаза на всех континентах.	Going global: project cargo for energy, aerospace and oil & gas on every continent.	走向世界：在各大洲承运能源、航空航天和油气行业的项目货物。	
2000-е	2000s	2000年代	
Собственный инженерный центр грузового планирования и парк модернизированных Ил-76ТД-90ВД.	Our own engineering cargo planning centre and a fleet of modernised Il-76TD-90VD.	建立自有货物规划工程中心和现代化伊尔-76TD-90VD机队。	
2010-е	2010s	2010年代	
Крупнейшие гуманитарные и индустриальные операции; развитие погрузочных технологий для аэропортов без инфраструктуры.	Major humanitarian and industrial operations; loading technology for airports with no infrastructure.	开展大型人道主义和工业运输行动；发展面向无基础设施机场的装载技术。	
Запуск регулярной грузовой программы на китайском направлении.	Launch of the scheduled cargo programme on Chinese routes.	开通中国方向定期货运航班。	
Сегодня	Today	今天	
Чартер, регулярные рейсы и мультимодальная доставка — единая система с одним входом для клиента.	Charter, scheduled flights and multimodal delivery — one system with a single entry point for the client.	包机、定期航班与多式联运——一个体系，客户一个入口。	
Документы	Documents	文件	
Для тендера и службы безопасности	For tenders and security vetting	供招标与安全审查	
Всё, что запрашивают при проверке подрядчика, — в одном месте. Ссылки — заглушки: файлы подставит юридический блок.	Everything requested when vetting a contractor, in one place. Links are placeholders: files will be added by the legal team.	审查承包商所需的全部文件集中于此。链接为占位：正式文件由法务部门提供。	
Сертификат эксплуатанта	Air Operator Certificate	航空承运人运行合格证	
Лицензии и допуски	Licences & approvals	许可与资质	
Страхование ответственности	Liability insurance	责任保险	
Реквизиты и уставные документы	Corporate & statutory documents	公司注册及章程文件	
Безопасность полётов	Flight safety	飞行安全	
Начнём сегодня	Let's start today	今天就开始	
Груз уже ждёт отправки?	Is your cargo already waiting?	货物已经等待发运？	
Отправьте параметры — предварительная ставка и доступность борта в течение четырёх рабочих часов.	Send the parameters — an indicative rate and aircraft availability within four business hours.	发送货物参数——四个工作小时内提供初步运价与机位。	
Написать в мессенджер	Message us	即时通讯联系	
Один вход для всех вопросов	One entry point for every question	所有问题的统一入口	
Обратный звонок	Request a call back	预约回电	
Круглосуточно, включая выходные. Дежурный по чартеру отвечает в мессенджере — с мобильного номера.	Around the clock, weekends included. The charter duty manager replies in messengers from a mobile number.	全天候服务，节假日无休。包机值班经理通过手机号在即时通讯工具中回复。	
Перевозки	Services	运输服务	
Чартерные рейсы	Charter flights	包机航班	
Мультимодальная доставка	Multimodal delivery	多式联运	
Флот и габариты	Fleet & dimensions	机队与舱位尺寸	
Агентам и экспедиторам	For agents and forwarders	致代理与货代	
Компания	Company	公司	
Документы для тендера	Tender documents	招标文件	
История	History	发展历程	
Контакты	Contacts	联系方式	
© Волга-Днепр · прототип сайта	© Volga-Dnepr · website prototype	© 伏尔加-第聂伯 · 网站原型	
Демо-данные — заменить на подтверждённые	Demo data — to be replaced with verified figures	演示数据——需替换为核实信息	
EN / 中文 — отдельными версиями страниц на этапе разработки	RU / EN / 中文 — use the language switcher in the header	RU / EN / 中文 — 请使用页眉中的语言切换	
Агентам и экспедиторам — Волга-Днепр	For Agents & Forwarders — Volga-Dnepr	代理与货代 — 伏尔加-第聂伯	
Агентские тарифы, блок-места и генеральные агенты (GSA) по регионам — продажи регулярной программы.	Agency rates, block space and regional General Sales Agents (GSA) — scheduled programme sales.	代理运价、包板舱位与各地区总销售代理（GSA）——定期航班销售。	
· Агентам	· For agents	· 代理	
Регулярную программу продаёт агентская сеть	The scheduled programme is sold through an agent network	定期航班通过代理网络销售	
Ёмкость регулярных рейсов продаётся через генеральных агентов (GSA) в регионах и напрямую через коммерческий департамент. Список агентов на этой странице — демонстрационный: реальную сеть подставим по данным департамента.	Scheduled flight capacity is sold through regional General Sales Agents (GSA) and directly by the commercial department. The agent list on this page is demo content: the live network will come from department data.	定期航班舱位通过各地区总销售代理（GSA）及商务部门直接销售。本页代理名单为演示内容：正式网络将按部门数据更新。	
Условия	Terms	条件	
Что даёт статус агента	What agent status gives you	代理资格的权益	
Тарифы и приоритет	Rates & priority	运价与优先权	
Агентские тарифы на регулярную программу и приоритет по ёмкости на пиковых датах.	Agency rates on the scheduled programme and capacity priority on peak dates.	定期航班代理运价，旺季日期舱位优先。	
Блок-места	Block space	包板舱位	
Гарантированная ёмкость на рейсе под ваш регулярный объём — аллотмент по договору.	Guaranteed capacity on the flight for your regular volume — a contractual allotment.	按合同为您的固定货量预留航班舱位——协议配额。	
Кредитные условия	Credit terms	信用条款	
Отсрочка платежа и кредитный лимит по агентскому соглашению — без предоплаты каждой отправки.	Deferred payment and a credit limit under the agency agreement — no prepayment for every shipment.	按代理协议提供付款账期与信用额度——无需每票预付。	
Закреплённый менеджер	Dedicated manager	专属经理	
Менеджер регулярной программы: ёмкость на дату, статусы, документы — один контакт.	A scheduled-programme manager: capacity by date, statuses, documents — one contact.	定期航班专属经理：查舱、货态、文件——一个联系人。	
Сеть · демо-данные	Network · demo data	网络 · 演示数据	
Агенты по регионам	Agents by region	各地区代理	
Найдите генерального агента в своём регионе — или обратитесь напрямую в коммерческий департамент.	Find the General Sales Agent for your region — or contact the commercial department directly.	查找您所在地区的总销售代理——或直接联系商务部门。	
Все регионы	All regions	全部地区	
Россия и СНГ	Russia & CIS	俄罗斯与独联体	
Китай	China	中国	
Юго-Восточная Азия	Southeast Asia	东南亚	
Индия	India	印度	
Ближний Восток	Middle East	中东	
Африка	Africa	非洲	
Шанхай · Китай	Shanghai · China	上海 · 中国	
GSA Восточный Китай	GSA East China	东华地区总代理 GSA	
Sino Cargo Partners Ltd. · демо	Sino Cargo Partners Ltd. · demo	Sino Cargo Partners Ltd. · 演示	
Телефон	Phone	电话	
Написать агенту →	Contact the agent →	联系代理 →	
Пекин · Китай	Beijing · China	北京 · 中国	
GSA Северный Китай	GSA North China	华北地区总代理 GSA	
North China Air GSA Co. · демо	North China Air GSA Co. · demo	North China Air GSA Co. · 演示	
Гонконг	Hong Kong	香港	
GSA Гонконг и дельта Жемчужной	GSA Hong Kong & Pearl River Delta	香港及珠三角总代理 GSA	
HK Freight Alliance Ltd. · демо	HK Freight Alliance Ltd. · demo	HK Freight Alliance Ltd. · 演示	
Сингапур	Singapore	新加坡	
GSA Юго-Восточная Азия	GSA Southeast Asia	东南亚总代理 GSA	
SEA Cargo Services Pte. · демо	SEA Cargo Services Pte. · demo	SEA Cargo Services Pte. · 演示	
Дубай · ОАЭ	Dubai · UAE	迪拜 · 阿联酋	
GSA Ближний Восток	GSA Middle East	中东总代理 GSA	
Gulf Air Logistics FZE · демо	Gulf Air Logistics FZE · demo	Gulf Air Logistics FZE · 演示	
Мумбаи · Индия	Mumbai · India	孟买 · 印度	
GSA Индия	GSA India	印度总代理 GSA	
Bharat Air Cargo Pvt. · демо	Bharat Air Cargo Pvt. · demo	Bharat Air Cargo Pvt. · 演示	
Найроби · Кения	Nairobi · Kenya	内罗毕 · 肯尼亚	
GSA Восточная Африка	GSA East Africa	东非总代理 GSA	
East Africa Cargo GSA Ltd. · демо	East Africa Cargo GSA Ltd. · demo	East Africa Cargo GSA Ltd. · 演示	
Москва · Россия	Moscow · Russia	莫斯科 · 俄罗斯	
Прямой офис продаж	Direct sales office	直属销售办公室	
Коммерческий департамент «Волга-Днепр»	Volga-Dnepr Commercial Department	伏尔加-第聂伯商务部	
Партнёрство	Partnership	合作	
Стать агентом «Волга-Днепр»	Become a Volga-Dnepr agent	成为伏尔加-第聂伯代理	
Рассматриваем заявки от экспедиторов и GSA-компаний с собственной клиентской базой в регионе, опытом в авиагрузе и готовностью к регулярному объёму. Напишите с корпоративной почты: регион, профиль компании, ожидаемый объём в месяц.	We consider applications from forwarders and GSA companies with their own client base in the region, air cargo experience and readiness for regular volumes. Write from your corporate e-mail: region, company profile, expected monthly volume.	我们接受在当地拥有客户资源、具备航空货运经验并可承诺固定货量的货代及GSA公司申请。请用企业邮箱来函，注明：地区、公司简介、预计月货量。	
mailto:sales@volga-dnepr.com?subject=Заявка на агентское соглашение	mailto:sales@volga-dnepr.com?subject=Agency agreement application	mailto:sales@volga-dnepr.com?subject=代理协议申请	
Подать заявку на агентство	Apply for agency	申请成为代理	
Кейсы перевозок — Волга-Днепр	Case Studies — Volga-Dnepr	运输案例 — 伏尔加-第聂伯	
Кейсы перевозок: вес, габарит, маршрут и срок от заявки до вылета — цифры вместо обещаний.	Case studies: weight, dimensions, route and time from request to departure — numbers, not promises.	运输案例：重量、尺寸、航线及从询价到起飞的周期——用数字说话。	
· Кейсы	· Case studies	· 案例	
Кейсы: цифры вместо обещаний	Case studies: numbers, not promises	案例：用数字说话	
Что за груз, вес и габарит, маршрут, срок от заявки до вылета — и в чём была сложность. Все кейсы на этой странице — демонстрационные: формат показан, данные подставим из архива компании.	The cargo, its weight and dimensions, the route, time from request to departure — and what made it hard. All cases on this page are demo: the format is shown, real data will come from the company archive.	货物是什么、重量与尺寸、航线、从询价到起飞的周期——以及难点在哪里。本页案例均为演示：展示格式，正式数据将来自公司档案。	
Все	All	全部	
Энергетика	Energy	能源	
Авиакосмос	Aerospace	航空航天	
Нефть и газ	Oil & Gas	油气	
Гуманитарные	Humanitarian	人道主义	
АН-124-100	AN-124-100	安-124-100	
Ротор газовой турбины	Gas turbine rotor	燃气轮机转子	
Вес	Weight	重量	
82 т	82 t	82 吨	
Габарит	Dimensions	尺寸	
9,1 × 4,2 × 4,0 м	9.1 × 4.2 × 4.0 m	9.1 × 4.2 × 4.0 米	
Маршрут	Route	航线	
Шанхай → Атырау	Shanghai → Atyrau	上海 → 阿特劳	
Срок	Lead time	周期	
38 ч от заявки до вылета	38 h from request to departure	从询价到起飞38小时	
Аэропорт назначения без техники нужной грузоподъёмности — бортовые краны и роликовая оснастка.	The destination airport had no suitable lifting equipment — onboard cranes and roller rigging did the job.	目的地机场没有足够起重能力的设备——机载起重机与滚轮工装解决了问题。	
Повторим для вашего груза →	We can do the same for your cargo →	您的货物也可以这样运 →	
АН-124-150	AN-124-150	安-124-150	
Спутник в контейнере	Satellite in a container	集装箱内的卫星	
44 т	44 t	44 吨	
12,0 × 4,4 × 4,1 м	12.0 × 4.4 × 4.1 m	12.0 × 4.4 × 4.1 米	
Москва → Байконур	Moscow → Baikonur	莫斯科 → 拜科努尔	
окно 6 ч на погрузку	6-hour loading window	6小时装载窗口	
Контроль вибрации и температуры на всём плече, сопровождение заказчика на борту.	Vibration and temperature control throughout the leg, customer escort on board.	全程振动与温度监控，客户代表随机护送。	
ИЛ-76ТД-90ВД	IL-76TD-90VD	伊尔-76TD-90VD	
Полевой госпиталь	Field hospital	野战医院	
42 т	42 t	42 吨	
сборный, 118 мест	consolidated, 118 pieces	拼装，118件	
Ульяновск → Дамаск	Ulyanovsk → Damascus	乌里扬诺夫斯克 → 大马士革	
19 ч от звонка до вылета	19 h from call to departure	从来电到起飞19小时	
Ночной вылет, разрешения на пролёт четырёх стран получены за сутки.	Night departure; overflight permits for four countries obtained within 24 hours.	夜间起飞，四国飞越许可24小时内办妥。	
Трансформатор 95 т	95-tonne transformer	95吨变压器	
95 т	95 t	95 吨	
7,8 × 3,9 × 4,2 м	7.8 × 3.9 × 4.2 m	7.8 × 3.9 × 4.2 米	
Сеул → Хабаровск	Seoul → Khabarovsk	首尔 → 哈巴罗夫斯克	
5 суток проект целиком	entire project in 5 days	整个项目5天完成	
Спецрама под точечную нагрузку рассчитана и изготовлена ЦГП за трое суток.	A special frame for the point load was engineered and built by the planning centre in three days.	货物规划中心三天内设计并制造了点载荷专用框架。	
Буровая установка	Drilling rig	钻井平台	
2 рейса × 110 т	2 flights × 110 t	2班 × 110吨	
разборная	disassembled	拆解运输	
Пекин → Нижневартовск	Beijing → Nizhnevartovsk	北京 → 下瓦尔托夫斯克	
9 суток от контракта	9 days from contract	签约后9天	
Два борта в связке, перегрузка на автопоезда на аэродроме с ограниченной инфраструктурой.	Two aircraft in tandem; transfer to road trains at an airfield with limited infrastructure.	两架飞机接力，在基础设施有限的机场转运至公路列车。	
Вертолёт Ми-8	Mi-8 helicopter	米-8直升机	
12 т	12 t	12 吨	
со снятыми лопастями	rotor blades removed	拆除旋翼叶片	
Улан-Удэ → Каир	Ulan-Ude → Cairo	乌兰乌德 → 开罗	
72 ч под ключ	72 h turnkey	72小时一站式	
Погрузка своим ходом по рампе, крепление по схеме ЦГП, сборка на месте за сутки.	Drove in via the ramp, secured to the planning centre scheme, reassembled on site within a day.	经货桥自行驶入，按规划中心方案系留，一天内现场复装。	
Чартер грузового самолёта — Волга-Днепр	Cargo Aircraft Charter — Volga-Dnepr	货机包机 — 伏尔加-第聂伯	
Чартер грузового самолёта: негабарит до 150 т, самоходная техника, срочные партии. Ан-124 и Ил-76 с собственным погрузочным оборудованием.	Cargo aircraft charter: outsize up to 150 t, self-propelled vehicles, urgent shipments. An-124 and Il-76 with our own loading equipment.	货机包机：单件最重150吨、自行式设备、紧急货物。安-124与伊尔-76配自有装载设备。	
· Чартер	· Charter	· 包机	
Чартер: один груз — целиком	Charter: one cargo, one aircraft	包机：一件货物，整机承运	
Турбина, спутник, вертолёт, буровая установка, гуманитарная партия. Когда груз не проходит по габаритам, весу или срокам обычной логистики — мы поднимаем его одним рейсом.	A turbine, a satellite, a helicopter, a drilling rig, a humanitarian shipment. When cargo exceeds the size, weight or timeline of ordinary logistics — we lift it in a single flight.	燃气轮机、卫星、直升机、钻井平台、人道主义物资。当货物的尺寸、重量或时限超出常规物流能力时——我们用一个航班把它运走。	
Что мы возим	What we carry	我们承运什么	
Грузы, от которых отказываются другие	Cargo that others turn down	别人拒绝承运的货物	
Негабарит и сверхтяжёлые	Outsize and super-heavy	超大与超重件	
Роторы турбин, трансформаторы, прессы, судовые двигатели — до 150 т одним местом, до 6,4 м по ширине.	Turbine rotors, transformers, presses, marine engines — up to 150 t in one piece, up to 6.4 m wide.	燃机转子、变压器、压力机、船用发动机——单件最重150吨，最宽6.4米。	
Самоходная и колёсная техника	Self-propelled and wheeled vehicles	自行式与轮式设备	
Карьерные самосвалы, буровые, спецтехника — заезжают в Ан-124 своим ходом через носовой люк.	Mining trucks, drilling rigs, special vehicles drive into the An-124 through the nose door under their own power.	矿用自卸车、钻机、特种设备——经机首舱门自行驶入安-124。	
Проектные и срочные партии	Project and urgent shipments	项目类与紧急货物	
Остановленный завод, сорванный контракт, гуманитарная операция — когда каждый час стоит денег или жизней.	A stopped plant, a contract at risk, a humanitarian operation — when every hour costs money or lives.	停产的工厂、告急的合同、人道主义行动——每一小时都关乎金钱或生命。	
Опасные грузы (DGR)	Dangerous goods (DGR)	危险品 (DGR)	
Температурный режим	Temperature-controlled	温控货物	
Живые грузы	Live cargo	活体运输	
Энергомашиностроение	Power engineering	能源装备制造	
Как проходит чартер	How a charter works	包机流程	
Пять шагов —	Five steps —	五个步骤——	
и один менеджер на всём пути	and one manager all the way	全程一位经理	
ШАГ 01	STEP 01	第 01 步	
Заявка и расчёт	Request & quote	询价与报价	
Габариты, вес, маршрут — предварительная ставка и доступность борта.	Dimensions, weight, route — an indicative rate and aircraft availability.	尺寸、重量、航线——初步运价与机位。	
до 4 рабочих часов	within 4 business hours	4个工作小时内	
ШАГ 02	STEP 02	第 02 步	
Договор и планирование	Contract & planning	签约与规划	
Центр грузового планирования: схема размещения, крепление, центровка.	The cargo planning centre: load layout, tie-down scheme, balance.	货物规划中心：配载方案、系留、配平。	
инженерная проработка	engineering study	工程设计	
ШАГ 03	STEP 03	第 03 步	
Разрешения и маршрут	Permits & routing	许可与航路	
Пролёты, слоты, аэропортовые согласования — берём на себя.	Overflight permits, slots, airport coordination — we handle it all.	飞越许可、时刻、机场协调——由我们负责。	
параллельно	in parallel	同步进行	
ШАГ 04	STEP 04	第 04 步	
Рейс и погрузка	Flight & loading	航班与装载	
Своё погрузочное оборудование. Ваш представитель — на погрузке или на борту.	Our own loading equipment. Your representative at loading or on board.	自有装载设备。您的代表可到场监装或随机。	
статус — в любой момент	status at any moment	随时掌握状态	
ШАГ 05	STEP 05	第 05 步	
Выгрузка и документы	Unloading & documents	卸载与文件	
Выгрузка даже в аэропорту без техники. Полный пакет закрывающих.	Unloading even at airports with no equipment. A full set of closing documents.	即使机场没有设备也能卸载。提供全套结算文件。	
акты · POD · отчёт	acts · POD · report	交接单 · POD · 报告	
«От двери до двери» —	Door to door —	门到门——	
когда перелёт лишь часть пути	when the flight is only part of the journey	当空运只是全程的一段	
Забор груза, упаковка и крепление, доставка в аэропорт вылета, таможня на обеих сторонах, перелёт и последняя миля — один договор, одна ответственность, один менеджер. Автомобильное, железнодорожное и морское плечо подключаем по необходимости.	Pickup, packing and securing, delivery to the departure airport, customs on both ends, the flight and the last mile — one contract, one responsibility, one manager. Road, rail and sea legs are added as needed.	提货、包装与固定、送达始发机场、两端清关、空运与末端派送——一份合同、一个责任方、一位经理。公路、铁路与海运段按需衔接。	
ВАРИАНТ А	OPTION A	方案 A	
Аэропорт — аэропорт	Airport to airport	机场到机场	
Вы привозите груз к борту — мы отвечаем за перелёт, погрузку и выгрузку. Быстрее и дешевле, если логистика на земле у вас налажена.	You bring the cargo to the aircraft — we handle the flight, loading and unloading. Faster and cheaper if your ground logistics is in place.	您将货物送到机坪——我们负责空运、装载与卸载。若您的地面物流已就绪，这样更快更省。	
ВАРИАНТ Б	OPTION B	方案 B	
Дверь — дверь	Door to door	门到门	
Мы забираем груз с завода и привозим на площадку получателя, включая таможню и разрешения. Вы подписываете один договор и получаете один отчёт.	We collect the cargo at the plant and deliver it to the consignee's site, customs and permits included. You sign one contract and receive one report.	我们从工厂提货并送达收货方场地，含清关和许可。您只签一份合同，收到一份报告。	
Вопросы и ответы	Questions & answers	常见问题	
Что спрашивают	What people ask	询价之前	
до заявки	before requesting	常见的问题	
Какой минимальный груз вы берёте?	What is the minimum cargo you accept?	你们承运的最小货量是多少？	
От одной тонны. Небольшие партии летят регулярными рейсами, сборно; отдельный чартер имеет смысл для груза, который не проходит по габаритам или срокам обычной логистики.	From one tonne. Small consignments fly on scheduled services, consolidated; a dedicated charter makes sense for cargo that exceeds the size or timeline of ordinary logistics.	一吨起。小批量货物随定期航班拼载运输；对于尺寸或时限超出常规物流的货物，专属包机才有意义。	
Сколько стоит чартер Ан-124?	How much does an An-124 charter cost?	安-124包机多少钱？	
Зависит от маршрута, груза и сроков — единого прайса в проектной логистике не существует. Заполните заявку: предварительную ставку и доступность борта назовём в течение четырёх рабочих часов, бесплатно и без обязательств.	It depends on the route, cargo and timing — there is no flat price list in project logistics. Submit a request: we will give an indicative rate and aircraft availability within four business hours, free and with no obligation.	取决于航线、货物和时限——项目物流没有统一价目表。请提交询价：我们将在四个工作小时内免费、无义务地给出初步运价和机位。	
Возите ли опасные грузы?	Do you carry dangerous goods?	你们承运危险品吗？	
Да, включая большинство классов DGR. Укажите класс опасности в заявке — менеджер сразу скажет, какие разрешения нужны и что берём на себя мы.	Yes, including most DGR classes. State the hazard class in your request — the manager will immediately tell you what permits are needed and what we take care of.	可以，包括大多数DGR类别。请在询价中注明危险品等级——经理会立即告知所需许可以及我们承担的部分。	
Как быстро возможен вылет?	How soon can a flight depart?	最快多久可以起飞？	
Для срочных грузов счёт идёт на часы: дежурный по чартеру работает круглосуточно, разрешения на пролёт по ряду маршрутов получаются за сутки.	For urgent cargo it is a matter of hours: the charter duty desk works around the clock, and overflight permits on many routes are obtained within a day.	紧急货物以小时计：包机值班台全天候工作，多数航线的飞越许可可在一天内取得。	
Что нужно от нас как от заказчика?	What do you need from us as the customer?	作为客户，我们需要提供什么？	
На старте — только данные груза: габариты, вес, характер, точки отправления и назначения. Остальное сопровождают менеджер и центр грузового планирования.	At the start — only the cargo data: dimensions, weight, nature, origin and destination. The manager and the cargo planning centre handle the rest.	开始时只需货物信息：尺寸、重量、性质、起运地和目的地。其余由经理和货物规划中心跟进。	
Флот: Ан-124 и Ил-76 — Волга-Днепр	Fleet: An-124 and Il-76 — Volga-Dnepr	机队：安-124与伊尔-76 — 伏尔加-第聂伯	
Флот Ан-124-100/150 и Ил-76ТД-90ВД: ТТХ, схемы и 3D-примерка вашего груза в настоящей модели самолёта.	The An-124-100/150 and Il-76TD-90VD fleet: specs, diagrams and a 3D fit-check of your cargo in a true aircraft model.	安-124-100/150与伊尔-76TD-90VD机队：技术参数、图纸及货物在真实飞机模型中的3D试装。	
· Флот	· Fleet	· 机队	
Флот, которого больше ни у кого нет	A fleet no one else has	独一无二的机队	
Ан-124-100/150 «Руслан» и Ил-76ТД-90ВД — с собственным погрузочным оборудованием и инженерным центром грузового планирования.	An-124-100/150 Ruslan and Il-76TD-90VD — with our own loading equipment and an engineering cargo planning centre.	安-124-100/150“鲁斯兰”与伊尔-76TD-90VD——配备自有装载设备和货物规划工程中心。	
Ан-124-100 / -150	An-124-100 / -150	安-124-100 / -150	
Самый большой серийный	The largest series-built	世界上最大的	
грузовой самолёт в мире	freighter in the world	量产货机	
Носовой люк открывается вверх, хвостовая рампа — вниз: сквозная погрузка, техника заезжает своим ходом. Бортовые краны и роликовая оснастка позволяют работать в аэропортах без наземной техники.	The nose door opens up and the tail ramp folds down: drive-through loading, vehicles enter under their own power. Onboard cranes and roller rigging allow work at airports with no ground equipment.	机首舱门向上开启，尾部货桥向下放下：贯通式装载，车辆自行驶入。机载起重机与滚轮工装可在无地面设备的机场作业。	
Параметр	Parameter	参数	
Ан-124-100	An-124-100	安-124-100	
Ан-124-150	An-124-150	安-124-150	
Ил-76ТД-90ВД	Il-76TD-90VD	伊尔-76TD-90VD	
Максимальная загрузка	Maximum payload	最大载重	
120 т	120 t	120 吨	
150 т	150 t	150 吨	
50 т	50 t	50 吨	
Длина грузовой кабины	Cargo cabin length	货舱长度	
36,5 м	36.5 m	36.5 米	
20,0 м	20.0 m	20.0 米	
Ширина кабины	Cabin width	货舱宽度	
6,4 м	6.4 m	6.4 米	
3,45 м	3.45 m	3.45 米	
Высота кабины	Cabin height	货舱高度	
4,4 м	4.4 m	4.4 米	
3,4 м	3.4 m	3.4 米	
Объём кабины	Cabin volume	货舱容积	
1050 м³	1050 m³	1050 立方米	
~235 м³	~235 m³	~235 立方米	
Люки	Cargo doors	舱门	
носовой (вверх) + хвостовая рампа	nose (upward) + tail ramp	机首（上开）+ 尾部货桥	
хвостовая рампа	tail ramp	尾部货桥	
Особенность	Key feature	特点	
бортовые краны, роликовая оснастка	onboard cranes, roller rigging	机载起重机、滚轮工装	
грунтовые и короткие полосы	unpaved and short runways	土质及短跑道	
Данные из открытых источников — сверить с центром грузового планирования: рабочие габариты по рампе отличаются.	Figures from open sources — verify with the cargo planning centre: working ramp dimensions differ.	数据来自公开资料——请与货物规划中心核实：经货桥的实际作业尺寸有所不同。	
Примерка груза · без менеджера	Cargo fit check · no manager needed	货物试装 · 无需经理	
Влезет ли ваш груз?	Will your cargo fit?	您的货物装得下吗？	
Примерьте в настоящем Ан-124	Try it inside a real An-124	在真实的安-124模型中试一试	
Введите вес и размеры — груз встанет внутрь настоящей 3D-модели самолёта, в масштабе. Корпус полупрозрачный, кабина подсвечена. Вращение мышью, масштаб колесом. Предварительная проверка: окончательное решение за центром грузового планирования.	Enter weight and dimensions — your cargo appears inside a true-scale 3D model of the aircraft. The hull is translucent, the cabin is highlighted. Rotate with the mouse, zoom with the wheel. A preliminary check: the final decision rests with the cargo planning centre.	输入重量和尺寸——货物将按比例出现在真实的飞机3D模型内。机身半透明，货舱高亮。鼠标旋转，滚轮缩放。此为初步核对：最终结论以货物规划中心为准。	
Вес · т	Weight · t	重量 · 吨	
Длина · м	Length · m	长 · 米	
Ширина · м	Width · m	宽 · 米	
Высота · м	Height · m	高 · 米	
В заявку с этими параметрами	Start a request with these parameters	按这些参数提交询价	
3D-кабина	3D cabin	3D货舱	
крутится мышью или пальцем	rotate with mouse or finger	鼠标或手指旋转	
Ан-124 · настоящая модель	An-124 · real model	安-124 · 真实模型	
крутите	rotate	旋转	
Погрузочное оборудование	Loading equipment	装载设备	
Аэропорт без кранов —	An airport with no cranes is	没有起重机的机场——	
не проблема, а наша специализация	not a problem — it is our specialty	不是问题，而是我们的专长	
Бортовые краны	Onboard cranes	机载起重机	
Два крана грузоподъёмностью до 20 т — поднимают груз с земли прямо в кабину, без аэропортовой техники.	Two cranes rated up to 20 t lift cargo from the ground straight into the cabin — no airport equipment needed.	两台起重能力达20吨的起重机，直接将货物从地面吊入货舱，无需机场设备。	
Роликовая оснастка	Roller rigging	滚轮工装	
Тяжёлые моногрузы закатываются по роликовым дорожкам — так грузятся роторы, трансформаторы, станины.	Heavy single pieces roll in on roller tracks — rotors, transformers and machine beds are loaded this way.	重型整体货物沿滚轮轨道推入——转子、变压器、机床底座均以此方式装载。	
Рампы и трапы	Ramps	货桥与坡道	
Колёсная и гусеничная техника заезжает своим ходом через носовой люк — быстрее и безопаснее кранов.	Wheeled and tracked vehicles drive in through the nose door — faster and safer than cranes.	轮式和履带式车辆经机首舱门自行驶入——比吊装更快更安全。	
Волга-Днепр — сверхтяжёлые и негабаритные авиаперевозки	Volga-Dnepr — Outsize & Super-Heavy Air Cargo	伏尔加-第聂伯 — 超大超重件航空货运	
Сверхтяжёлые и негабаритные авиаперевозки на Ан-124 и Ил-76: чартер, регулярные рейсы, мультимодальная доставка. Предварительная ставка — за 4 рабочих часа.	Outsize and super-heavy air cargo on An-124 and Il-76: charter, scheduled flights, multimodal delivery. Indicative rate within 4 business hours.	安-124与伊尔-76超大超重件航空货运：包机、定期航班、多式联运。4个工作小时内提供初步报价。	
Прототип · демо-данные · перед публикацией заменить на подтверждённые цифры и кадры без артефактов	Prototype · demo data · replace with verified figures and clean imagery before launch	网站原型 · 演示数据 · 发布前须替换为核实数据与正式图片	
Главный экран	Hero	首屏	
Погрузка космического аппарата через носовой люк Ан-124 Волга-Днепр на ночном перроне	Spacecraft being loaded through the nose door of a Volga-Dnepr An-124 on a night apron	夜间停机坪上，航天器经伏尔加-第聂伯安-124机头舱门装载	
Проектная и сверхтяжёлая логистика	Project and super-heavy logistics	项目物流与超重货运	
с 1990 года	since 1990	始于1990年	
Возим то, что не помещается	We carry what does not fit	装不进任何其他飞机的货物	
ни в один другой самолёт	into any other aircraft	由我们来运送	
Ан-124 и Ил-76. От газовой турбины до космического аппарата — один договор и один менеджер на всём пути.	An-124 and Il-76. From a gas turbine to a spacecraft — one contract and one manager all the way.	安-124与伊尔-76。从燃气轮机到航天器——全程一份合同、一位经理。	
Быстрый расчёт маршрута	Quick route estimate	快速航线估算	
Откуда	From	出发地	
Город	City	城市	
Куда	To	目的地	
Вес, т	Weight, t	重量，吨	
до 150	up to 150	最多150	
Расстояние, время полёта и подходящий борт — сразу здесь, без формы.	Distance, flight time and the right aircraft — right here, no form needed.	距离、飞行时间与合适机型——即刻显示，无需填表。	
т	t	吨	
максимальный груз	maximum payload	最大载重	
м³	m³	立方米	
объём кабины Ан-124	An-124 cabin volume	安-124货舱容积	
,5 м	.5 m	.5 米	
длина кабины	cabin length	货舱长度	
4 рабочих часа	4 business hours	4个工作小时	
предварительная ставка после заявки	indicative rate after your request	提交询价后的初步报价	
круглосуточный приём заявок	requests accepted 24/7	全天候受理询价	
Что мы делаем	What we do	我们的服务	
Три способа доставить ваш груз	Three ways to move your cargo	三种货运方式	
Разовая задача	One-off task	单次任务	
Один груз целиком: турбина, спутник, вертолёт, буровое оборудование. Подбор борта, разрешения, своя оснастка.	One cargo, one aircraft: a turbine, a satellite, a helicopter, drilling equipment. Aircraft selection, permits, our own rigging.	一件货物整机承运：燃气轮机、卫星、直升机、钻井设备。选配机型、办理许可、自有装载工装。	
Подробнее →	Learn more →	了解详情 →	
Постоянный поток	Steady flow	稳定货流	
Направления с расписанием и предсказуемой ёмкостью — для экспедиторов, агентов и грузовладельцев.	Scheduled routes with predictable capacity — for forwarders, agents and cargo owners.	有固定时刻与可预期舱位的航线——服务货代、代理与货主。	
Направления и расписание →	Routes & schedule →	航线与时刻表 →	
Под ключ	Turnkey	一站式	
«От двери до двери»: первая миля, таможня, перелёт, последняя миля — один договор и один менеджер.	Door to door: first mile, customs, the flight, last mile — one contract and one manager.	门到门：头程、清关、空运、末端派送——一份合同、一位经理。	
Как это устроено →	How it works →	运作方式 →	
Маршрутная сеть · демо-схема	Route network · demo	航线网络 · 演示	
Летаем туда, куда не летает никто	We fly where no one else flies	我们飞别人不飞的航线	
Регулярная программа и чартерная география. Точки и линии на схеме — демонстрационные: реальную сеть подставим из данных коммерческого департамента.	Scheduled programme plus charter geography. Dots and lines are illustrative — the live network will come from commercial department data.	定期航班与包机航线地理。图中点线仅为示意——正式网络将采用商务部门数据。	
Схема маршрутной сети	Route network diagram	航线网络示意图	
// схема, а не географическая карта · города и линии — примеры	// a diagram, not a geographic map · cities and lines are examples	// 示意图而非地理地图 · 城市与航线仅为示例	
Два борта, которые решают	Two aircraft that solve	两款机型，解决	
нерешаемые задачи	impossible tasks	“不可能”的任务	
Ан-124	An-124	安-124	
Ан-124-100 / -150 «Руслан»	An-124-100 / -150 Ruslan	安-124-100 / -150 “鲁斯兰”	
120–150 т	120–150 t	120–150 吨	
груз	payload	载重	
кабина	cabin	货舱	
объём	volume	容积	
2 люка	2 doors	两个舱门	
нос + хвост	nose + tail	机首+机尾	
Самый большой серийный грузовой самолёт в мире. Носовой люк открывается вверх — техника заезжает своим ходом.	The largest series-built freighter in the world. The nose door opens upward — vehicles drive in under their own power.	世界上最大的量产货机。机首舱门向上开启——车辆自行驶入。	
ТТХ и схемы →	Specs & diagrams →	技术参数与图纸 →	
Ил-76	Il-76	伊尔-76	
ширина	width	宽度	
рампа	ramp	货桥	
хвостовая	tail	机尾	
Рабочая лошадка для аэропортов с короткой полосой и без наземной техники — включая грунтовые.	The workhorse for short runways and airports with no ground equipment — unpaved strips included.	短跑道及无地面设备机场（含土质跑道）的主力机型。	
Примерить свой груз в 3D	Fit your cargo in 3D	3D试装您的货物	
Кейсы · демо-данные	Case studies · demo	案例 · 演示数据	
Кейс — это цифры,	A case study is numbers,	案例是数字，	
а не фотография	not a photo	而不是照片	
Все кейсы →	All case studies →	全部案例 →	
Гуманитарные грузы	Humanitarian	人道主义物资	
Мы возим невозможное	Carrying the impossible	自1990年起	
«Волга-Днепр» — российская грузовая авиакомпания, построившая мировой рынок перевозок сверхтяжёлых и негабаритных грузов на Ан-124. Больше тридцати пяти лет мы доставляем то, что нельзя разобрать, упаковать в контейнер или отправить морем, когда сроки горят.	Volga-Dnepr is the Russian cargo airline that built the global market for outsize and super-heavy air freight on the An-124. For more than thirty-five years we have delivered what cannot be dismantled, containerised or sent by sea when deadlines are burning.	伏尔加-第聂伯是一家俄罗斯货运航空公司，凭借安-124开创了全球超大超重件航空货运市场。三十五年多来，我们运送那些无法拆解、无法装箱、海运来不及的货物。	
и Ил-76ТД-90ВД — свой парк	and Il-76TD-90VD — our own fleet	与伊尔-76TD-90VD——自有机队	
История и документы →	History & documents →	历程与文件 →	
мы начали в	we started in	始于	
Всё, что запрашивают при проверке подрядчика, — на странице «О компании», без переписки с менеджером.	Everything requested when vetting a contractor is on the About page — no email ping-pong with a manager.	审查承包商所需的全部文件都在“关于我们”页面——无需与经理往来邮件。	
Страхование	Insurance	保险	
Реквизиты	Corporate details	公司信息	
Как мы работаем	How we work	工作流程	
От заявки до документов —	From request to documents —	从询价到交付文件——	
пять шагов	five steps	五个步骤	
ЦГП считает схему размещения, крепление и центровку.	The planning centre works out layout, tie-down and balance.	规划中心计算配载、系留与配平方案。	
Своё оборудование. Представитель заказчика — на погрузке или на борту.	Our own equipment. The customer's representative at loading or on board.	自有设备。客户代表可到场监装或随机。	
Выгрузка даже без наземной техники. Полный пакет закрывающих.	Unloading even with no ground equipment. A full set of closing documents.	无地面设备也能卸载。提供全套结算文件。	
Отправьте параметры — предварительная ставка и доступность борта в течение четырёх рабочих часов. Срочные грузы — дежурный по чартеру, круглосуточно.	Send the parameters — an indicative rate and aircraft availability within four business hours. Urgent cargo — the charter duty desk, around the clock.	发送货物参数——四个工作小时内提供初步运价与机位。紧急货物请联系全天候包机值班台。	
Демо-данные: цифры, кейсы, направления и сроки — заменить на подтверждённые	Demo data: figures, cases, routes and lead times to be replaced with verified ones	演示数据：数字、案例、航线与时限均需替换为核实信息	
Новости — Волга-Днепр	News — Volga-Dnepr	新闻 — 伏尔加-第聂伯	
Новости компании: регулярная программа, чартерные операции, флот и документы.	Company news: scheduled programme, charter operations, fleet and documents.	公司新闻：定期航班、包机业务、机队与文件。	
· Новости	· News	· 新闻	
Новости компании	Company news	公司新闻	
Регулярная программа, чартерные операции, флот и документы. Новости на этой странице — демонстрационные: формат показан, реальную ленту будет вести пресс-служба.	Scheduled programme, charter operations, fleet and documents. News on this page is demo content: the format is shown, the live feed will be run by the press office.	定期航班、包机业务、机队与文件。本页新闻为演示内容：展示格式，正式新闻由新闻办公室发布。	
Регулярная программа	Scheduled programme	定期航班	
Москва — Шанхай: теперь пять рейсов в неделю	Moscow — Shanghai: now five flights a week	莫斯科 — 上海：每周增至五班	
С сентября частота на главном китайском направлении вырастет с трёх до пяти рейсов. Ёмкость на ближайшие даты уже открыта для бронирования — агентам с блок-местами приоритет сохраняется.	From September the frequency on the main Chinese route grows from three to five flights. Capacity for the nearest dates is open for booking — block-space agents keep priority.	自九月起，主要中国航线的班次将从每周三班增至五班。近期舱位已开放预订——包板代理保持优先。	
Ротор турбины 82 т доставлен в Атырау за 38 часов	An 82-tonne turbine rotor delivered to Atyrau in 38 hours	82吨燃机转子38小时送达阿特劳	
От заявки до вылета прошло меньше двух суток: аэропорт назначения не располагал техникой нужной грузоподъёмности, выгрузку выполнили бортовыми кранами Ан-124.	Less than two days from request to departure: the destination airport had no suitable lifting equipment, so unloading was done with the An-124's onboard cranes.	从询价到起飞不到两天：目的地机场没有足够起重能力的设备，卸载由安-124机载起重机完成。	
Ил-76ТД-90ВД вернулся из плановой тяжёлой формы обслуживания	Il-76TD-90VD back from scheduled heavy maintenance	伊尔-76TD-90VD完成定检重返航线	
Борт прошёл проверку планера и обновление пилотажно-навигационного комплекса и вернулся в регулярную программу без изменения расписания.	The aircraft passed airframe checks and an avionics update and returned to the scheduled programme with no timetable changes.	该机完成机体检查和航电升级，重返定期航班计划，时刻表不变。	
Продлён сертификат эксплуатанта	Air Operator Certificate renewed	航空承运人运行合格证已续期	
Росавиация продлила действие сертификата эксплуатанта. Обновлённый документ доступен в разделе «О компании» — для тендеров и проверок подрядчика.	Rosaviatsiya has renewed the Air Operator Certificate. The updated document is available in the About section — for tenders and contractor vetting.	俄罗斯联邦航空署已续期运行合格证。更新文件见“关于我们”页面——供招标与承包商审查使用。	
Открыто направление Красноярск — Гонконг	Krasnoyarsk — Hong Kong route opened	克拉斯诺亚尔斯克 — 香港航线开通	
Два рейса в неделю на Ил-76ТД-90ВД. Красноярск усиливает роль сибирского хаба программы: стыковка с фидерными объёмами из европейской части России.	Two flights a week on the Il-76TD-90VD. Krasnoyarsk strengthens its role as the programme's Siberian hub, connecting feeder volumes from European Russia.	伊尔-76TD-90VD每周两班。克拉斯诺亚尔斯克强化其西伯利亚枢纽地位，衔接来自俄罗斯欧洲部分的支线货量。	
Полевой госпиталь — в Дамаске через 19 часов после звонка	Field hospital in Damascus 19 hours after the call	来电19小时后野战医院抵达大马士革	
Ночной вылет из Ульяновска: разрешения на пролёт четырёх стран получены за сутки, 42 тонны оборудования собраны получателем в течение суток после посадки.	A night departure from Ulyanovsk: overflight permits for four countries obtained within a day; 42 tonnes of equipment assembled by the consignee within a day of landing.	乌里扬诺夫斯克夜间起飞：四国飞越许可一天内办妥，42吨设备在落地后一天内由收货方完成组装。	
Подписка на новости и RSS — на этапе разработки. Демо-данные.	News subscription and RSS — in development. Demo data.	新闻订阅与RSS——开发中。演示数据。	
Регулярные грузовые рейсы — Волга-Днепр	Scheduled Cargo Flights — Volga-Dnepr	定期货运航班 — 伏尔加-第聂伯	
Регулярные грузовые рейсы: расписание, предсказуемая ёмкость, запрос ёмкости на дату для агентов и экспедиторов.	Scheduled cargo flights: timetable, predictable capacity, capacity-by-date requests for agents and forwarders.	定期货运航班：时刻表、可预期舱位、代理与货代可按日期查询舱位。	
· Регулярные рейсы	· Scheduled flights	· 定期货运航班	
Регулярные рейсы: расписание и ёмкость	Scheduled flights: timetable and capacity	定期航班：时刻表与舱位	
Направления с предсказуемой ёмкостью — для экспедиторов, агентов и грузовладельцев с постоянным объёмом. Запросите ёмкость на конкретную дату — ответим в тот же день.	Routes with predictable capacity — for forwarders, agents and shippers with steady volumes. Request capacity for a specific date — we reply the same day.	舱位可预期的航线——服务于有稳定货量的货代、代理与货主。查询指定日期舱位——当天回复。	
Направления · демо-данные	Routes · demo data	航线 · 演示数据	
Расписание регулярной программы	Scheduled programme timetable	定期航班时刻表	
Дни недели: понедельник → воскресенье. Реальную сетку подставим из данных коммерческого департамента — таблица обновляется еженедельно.	Days of week: Monday → Sunday. The live grid will come from commercial department data — the table is updated weekly.	星期：周一 → 周日。正式班表将来自商务部门数据——每周更新。	
Направление	Route	航线	
Борт	Aircraft	机型	
Частота (пн–вс)	Frequency (Mon–Sun)	班期（周一–周日）	
Ёмкость	Capacity	舱位	
Москва (SVO) → Шанхай (PVG)	Moscow (SVO) → Shanghai (PVG)	莫斯科 (SVO) → 上海 (PVG)	
40 т / рейс	40 t / flight	40 吨 / 班	
Ёмкость на дату	Capacity by date	查询指定日期舱位	
Москва (SVO) → Пекин (PKX)	Moscow (SVO) → Beijing (PKX)	莫斯科 (SVO) → 北京 (PKX)	
Красноярск (KJA) → Шанхай (PVG)	Krasnoyarsk (KJA) → Shanghai (PVG)	克拉斯诺亚尔斯克 (KJA) → 上海 (PVG)	
100 т / рейс	100 t / flight	100 吨 / 班	
Красноярск (KJA) → Гонконг (HKG)	Krasnoyarsk (KJA) → Hong Kong (HKG)	克拉斯诺亚尔斯克 (KJA) → 香港 (HKG)	
Москва (SVO) → Дели (DEL)	Moscow (SVO) → Delhi (DEL)	莫斯科 (SVO) → 德里 (DEL)	
Ульяновск (ULY) → Дубай (DWC)	Ulyanovsk (ULY) → Dubai (DWC)	乌里扬诺夫斯克 (ULY) → 迪拜 (DWC)	
География программы	Programme geography	航线覆盖	
Условия для постоянного потока	Terms for steady volumes	稳定货量的合作条件	
Запрос свободной ёмкости на конкретный рейс — ответ в тот же рабочий день. Блок-места для постоянных партнёров.	Request free capacity on a specific flight — reply the same business day. Block space for regular partners.	查询指定航班的剩余舱位——当个工作日回复。长期伙伴可预留包板舱位。	
Агентские условия	Agency terms	代理条件	
Для экспедиторов и агентов с регулярным объёмом — отдельные тарифы и приоритет по ёмкости.	Forwarders and agents with regular volumes get dedicated rates and capacity priority.	有固定货量的货代与代理享专属运价和舱位优先。	
Раздел для агентов →	Agent section →	代理专区 →	
Личный кабинет	Client portal	客户后台	
Статусы отправок, документы, история перевозок — в разработке; сейчас закреплённый менеджер по программе.	Shipment status, documents, transport history — in development; for now, a dedicated programme manager.	货态、文件、运输历史——开发中；目前由专属项目经理服务。	
Рассчитать перевозку — Волга-Днепр	Get a Quote — Volga-Dnepr	获取报价 — 伏尔加-第聂伯	
Рассчитать перевозку: три шага, контакты в конце. Предварительная ставка и доступность борта — за 4 рабочих часа.	Get a quote in three steps, contacts last. An indicative rate and aircraft availability within 4 business hours.	三步获取报价，最后填联系方式。4个工作小时内提供初步运价与机位。	
Заявка · три шага	Request · three steps	询价 · 三步	
Контакты —	Contacts —	联系方式——	
только на последнем шаге	only at the last step	只在最后一步填写	
Спрашиваем то, от чего зависит ставка	We ask what the rate actually depends on	只问影响运价的信息	
Вес, габарит и характер груза — без них любой расчёт превращается в переписку.	Weight, dimensions and cargo nature — without them any quote turns into endless correspondence.	重量、尺寸与货物性质——缺了它们，任何报价都会变成漫长的邮件往来。	
Ответ за 4 рабочих часа	Reply within 4 business hours	4个工作小时内回复	
Предварительная ставка и подтверждение доступности борта. Срочные — круглосуточный дежурный.	An indicative rate and confirmed aircraft availability. Urgent cases — the 24/7 duty desk.	初步运价与机位确认。紧急情况请联系全天候值班台。	
Один вход для всех услуг	One entry point for every service	所有服务的统一入口	
Чартер, регулярные рейсы, мультимодальная доставка — одна форма, один менеджер.	Charter, scheduled flights, multimodal delivery — one form, one manager.	包机、定期航班、多式联运——一张表单、一位经理。	
Или напрямую	Or contact us directly	或直接联系	
ШАГ 1	STEP 1	第 1 步	
Груз	Cargo	货物	
ШАГ 2	STEP 2	第 2 步	
Маршрут и срок	Route & timing	航线与时限	
ШАГ 3	STEP 3	第 3 步	
Тип груза	Cargo type	货物类型	
Проектный / негабаритный	Project / outsize	项目 / 超大件	
Генеральный	General cargo	普货	
Опасный (DGR)	Dangerous (DGR)	危险品 (DGR)	
Живой груз	Live cargo	活体货物	
Гуманитарный	Humanitarian	人道主义物资	
Что за груз — одной строкой	Your cargo in one line	一句话描述货物	
Ни одного контактного поля на этом шаге	Not a single contact field at this step	这一步不需要任何联系方式	
Дальше	Next	下一步	
Город или аэропорт	City or airport	城市或机场	
Груз готов к отправке	Cargo ready for dispatch	货物就绪日期	
Гибкость по дате	Date flexibility	日期弹性	
Дата жёсткая	Fixed date	日期固定	
±3 дня	±3 days	±3 天	
±2 недели	±2 weeks	±2 周	
Дата пока не определена	Date not set yet	日期待定	
Что нужно от нас	What you need from us	需要我们做什么	
Только перелёт (аэропорт — аэропорт)	Flight only (airport to airport)	仅空运（机场到机场）	
С доставкой до аэропорта вылета	Including delivery to the departure airport	含送达始发机场	
«От двери до двери», включая таможню	Door to door, customs included	门到门（含清关）	
Назад	Back	上一步	
ООО «Пример»	Example Ltd	示例有限公司	
Ваше имя	Your name	您的姓名	
Имя и фамилия	Full name	姓名	
Телефон или мессенджер	Phone or messenger	电话或即时通讯	
Комментарий	Comments	备注	
Особые требования, сроки, документы	Special requirements, deadlines, documents	特殊要求、时限、文件	
Согласен на обработку персональных данных.	I consent to the processing of my personal data.	本人同意处理个人数据。	
Политика конфиденциальности	Privacy policy	隐私政策	
Отправить заявку	Send request	提交询价	
Заявка принята	Request received	询价已收到	
Ответим до 18:40	We will reply by 18:40	我们将在18:40前回复	
Заявка №&nbsp;	Request No.&nbsp;	询价编号&nbsp;	
у дежурного менеджера по чартеру. Предварительная ставка придёт на почту.	is with the charter duty manager. The indicative rate will arrive by e-mail.	已转至包机值班经理。初步运价将发送至您的邮箱。	
Это прототип — заявка никуда не отправляется.	This is a prototype — the request is not actually sent.	这是原型演示——询价不会真正发送。	
с 1990 года		运送“不可能”	index.html#2
name@company.ru	name@company.com	name@company.com	
Примерьте в Ан-124 и Ил-76	Try it inside an An-124 or Il-76	在安-124和伊尔-76模型中试一试	
3D-модель Ил-76:	Il-76 3D model:	伊尔-76 3D模型：	
, лицензия	, licence	，许可协议	
